mean_out_hh,mean_in_hh
2774.2170928227233,508.76924791451734

Source: IRS 2021 Out-migrants by income